,1,,,
,1,,,
,1,,,
,12,OpenBuilds,,
,12,OpenBuilds,,
,12,OpenBuilds,,
,14,OpenBuilds,,
,1,8020,,
,1,8020,,
,1,eMachineShop,,
,1,OpenBuilds,,
,1,OpenBuilds,,
,1,OpenBuilds,,
,1,OpenBuilds,,
,1,OpenBuilds,20x60 x1000mm,
,2,,,
,2,,,
,2,,,
,21,OpenBuilds,,
,24,,,
,28,,,
,2,8020,,
,2,8020,,
,2,8020,20-2020-2440mm,
,2,Amazon,,
,2,OpenBuilds,,
,2,OpenBuilds,,
,2,OpenBuilds,,
,2,OpenBuilds,,
,2,OpenBuilds,,
,2,OpenBuilds,,
,2,OpenBuilds,,
,2,OpenBuilds,,
,2,OpenBuilds,,
,2,OpenBuilds,,
,2,OpenBuilds,,
,2,OpenBuilds,,
,3,,LimitSwitch,
,3,OpenBuilds,,
,3,OpenBuilds,,
,3,OpenBuilds,,
,4,8020,20-2020-2440mm,
,4,8020,20-2020-2440mm,
,4,Amazon,,
,4,OpenBuilds,,
,4,OpenBuilds,,
,4,OpenBuilds,,
,4,OpenBuilds,,
,5,eMachineShop,,
,6,OpenBuilds,,
,6,OpenBuilds,,
,6,OpenBuilds,Shim - 12 x 8 x 1mm,
,7,OpenBuilds,,
,7,OpenBuilds,,
